id,name,explanation,broader_concept,strand,source
926d5ce3-51de-4a80-a599-0e4fc81de8b4,Pythagorean trigonometric identity,"The fundamental identity stating that the square of cosine plus the square of sine of an angle equals one, i.e., cos²A + sin²A = 1.",Trigonometric identities,Trigonometry,7_Leaving Cert Maths-Trig_Formulae.pdf
018d043f-4dbe-4d5a-87a1-4c4fcea66d74,Sine rule for triangle side ratios,"A formula relating the ratios of the lengths of sides of a triangle to the sines of their opposite angles, expressed as a/sin A = b/sin B = c/sin C.",Trigonometric rules for triangles,Trigonometry,7_Leaving Cert Maths-Trig_Formulae.pdf
a084c89e-a566-4553-b5c6-f4cd11460ed9,Cosine rule for triangle side lengths,"A formula to calculate the length of a side of a triangle using the lengths of the other two sides and the cosine of the included angle, given by a² = b² + c² – 2bc cos A.",Trigonometric rules for triangles,Trigonometry,7_Leaving Cert Maths-Trig_Formulae.pdf
df56455e-9505-4be6-b161-e406f0a3d26f,Cosine of difference of angles formula,An identity expressing cos(A–B) in terms of cosines and sines of A and B: cos(A–B) = cos A cos B + sin A sin B.,Angle sum and difference identities,Trigonometry,7_Leaving Cert Maths-Trig_Formulae.pdf
7172853d-4707-418c-90d8-e1385022f115,Cosine of sum of angles formula,An identity expressing cos(A+B) in terms of cosines and sines of A and B: cos(A+B) = cos A cos B – sin A sin B.,Angle sum and difference identities,Trigonometry,7_Leaving Cert Maths-Trig_Formulae.pdf
74d2755d-8254-4764-9b20-b66e8169fd26,Double angle formula for cosine (cos 2A),An identity expressing cos 2A as cos²A minus sin²A: cos 2A = cos²A – sin²A.,Double angle identities,Trigonometry,7_Leaving Cert Maths-Trig_Formulae.pdf
22059f73-3ca1-4ab2-bfd3-90a946c10aec,Sine of sum of angles formula,An identity expressing sin(A+B) as sin A cos B plus cos A sin B.,Angle sum and difference identities,Trigonometry,7_Leaving Cert Maths-Trig_Formulae.pdf
1aa40ad1-7e30-4e14-866e-17edcecb18d8,Sine of difference of angles formula,An identity expressing sin(A–B) as sin A cos B minus cos A sin B.,Angle sum and difference identities,Trigonometry,7_Leaving Cert Maths-Trig_Formulae.pdf
efb5b1dc-d201-4d8c-a1a8-bb8a95bc90c1,Tangent of sum of angles formula,An identity expressing tan(A+B) as (tan A + tan B) divided by (1 – tan A tan B).,Angle sum and difference identities,Trigonometry,7_Leaving Cert Maths-Trig_Formulae.pdf
eb6e9d21-5271-4f5f-8f24-a937d4f4c02d,Tangent of difference of angles formula,An identity expressing tan(A–B) as (tan A – tan B) divided by (1 + tan A tan B).,Angle sum and difference identities,Trigonometry,7_Leaving Cert Maths-Trig_Formulae.pdf
a550be87-ab27-4faa-ae5a-b37202b53c29,Double angle formula for sine,An identity expressing sin 2A as 2 sin A cos A.,Double angle identities,Trigonometry,7_Leaving Cert Maths-Trig_Formulae.pdf
f8d1c410-6ed0-4e44-87a2-5fa9b347d6e8,Alternative double angle formula for sine,An expression for sin 2A using other trigonometric functions (not fully specified here).,Double angle identities,Trigonometry,7_Leaving Cert Maths-Trig_Formulae.pdf
8d2d9a77-be4b-48d5-9fe8-1de3a8efccc1,Alternative double angle formula for cosine,Expressions for cos 2A in terms of sine and cosine squares or other forms.,Double angle identities,Trigonometry,7_Leaving Cert Maths-Trig_Formulae.pdf
41f2ef1a-f5c2-40c6-8ba5-58e53d108f40,Double angle formula for tangent,An identity expressing tan 2A in terms of tan A (exact formula not fully specified here).,Double angle identities,Trigonometry,7_Leaving Cert Maths-Trig_Formulae.pdf
c97f0d7f-cec1-40d9-9247-b9685eca1055,Power-reduction formula for cosine squared,"An identity expressing cos²A as ½(1 + cos 2A), reducing the power of cosine squared.",Power-reduction identities,Trigonometry,7_Leaving Cert Maths-Trig_Formulae.pdf
40ce97d9-da69-4f47-a53b-d909d75d7ab6,Power-reduction formula for sine squared,"An identity expressing sin²A as ½(1 – cos 2A), reducing the power of sine squared.",Power-reduction identities,Trigonometry,7_Leaving Cert Maths-Trig_Formulae.pdf
33ea042f-bb16-4c31-9293-45cdb6479999,Product-to-sum formula for 2 cos A cos B,An identity expressing 2 cos A cos B as the sum of cos(A+B) and cos(A–B).,Product-to-sum identities,Trigonometry,7_Leaving Cert Maths-Trig_Formulae.pdf
d27fec33-ec4f-4d1f-bd75-19bfbd1b36b0,Product-to-sum formula for 2 sin A cos B,An identity expressing 2 sin A cos B as the sum of sin(A+B) and sin(A–B).,Product-to-sum identities,Trigonometry,7_Leaving Cert Maths-Trig_Formulae.pdf
7272c498-874f-447f-8771-3bba323bee70,Product-to-sum formula for 2 sin A sin B,An identity expressing 2 sin A sin B as the difference of cos(A–B) and cos(A+B).,Product-to-sum identities,Trigonometry,7_Leaving Cert Maths-Trig_Formulae.pdf
27eec010-1718-491c-9dba-b5544519a6bf,Product-to-sum formula for 2 cos A sin B,An identity expressing 2 cos A sin B as the difference of sin(A+B) and sin(A–B).,Product-to-sum identities,Trigonometry,7_Leaving Cert Maths-Trig_Formulae.pdf
bac39f9c-2ab8-4d75-b1ac-c21e4a6bbbe1,Sum-to-product formula for cos A + cos B,An identity expressing cos A + cos B as 2 cos((A+B)/2) cos((A–B)/2).,Sum-to-product identities,Trigonometry,7_Leaving Cert Maths-Trig_Formulae.pdf
953ba555-b4c0-4c34-9716-feec8d9717da,Sum-to-product formula for cos A – cos B,An identity expressing cos A – cos B as –2 sin((A+B)/2) sin((A–B)/2).,Sum-to-product identities,Trigonometry,7_Leaving Cert Maths-Trig_Formulae.pdf
503b2d7d-c6fa-4088-8554-da4772b8efe9,Sum-to-product formula for sin A + sin B,An identity expressing sin A + sin B as 2 sin((A+B)/2) cos((A–B)/2).,Sum-to-product identities,Trigonometry,7_Leaving Cert Maths-Trig_Formulae.pdf
b7d7c4cb-f776-4435-bfab-74666949a172,Sum-to-product formula for sin A – sin B,An identity expressing sin A – sin B as 2 cos((A+B)/2) sin((A–B)/2).,Sum-to-product identities,Trigonometry,7_Leaving Cert Maths-Trig_Formulae.pdf
cb35816c-1a58-404d-a800-d73f94b55296,circle drawing with given radius,Constructing a circle using a compass with a specified radius from a given center point.,geometric constructions,Synthetic geometry,4_Curriculum csvs - Geometry&Trig.csv
86a6625b-3733-45d3-860e-e2d0e49213c9,use of straight edge in geometric constructions,Employing a straight edge tool to draw precise straight lines in geometric diagrams.,geometric constructions,Synthetic geometry,4_Curriculum csvs - Geometry&Trig.csv
2892a9e3-1059-4835-a4e0-82dc6d0e83b9,use of compass in geometric constructions,Using a compass to draw arcs and circles accurately in geometric constructions.,geometric constructions,Synthetic geometry,4_Curriculum csvs - Geometry&Trig.csv
b7174c39-58b8-4c0e-8193-f93fd975d125,use of ruler in geometric constructions,Applying a ruler to measure and draw straight lines with precision in geometric diagrams.,geometric constructions,Synthetic geometry,4_Curriculum csvs - Geometry&Trig.csv
2aad1eb0-f2b6-4680-970d-0a89d07a55e2,use of protractor in geometric constructions,Using a protractor to measure and construct angles accurately in geometric diagrams.,geometric constructions,Synthetic geometry,4_Curriculum csvs - Geometry&Trig.csv
fa0dd3cf-bcb6-46e6-9228-62175d3ca716,use of set square in geometric constructions,Employing a set square to draw perpendicular and parallel lines and specific angles in geometric diagrams.,geometric constructions,Synthetic geometry,4_Curriculum csvs - Geometry&Trig.csv
8f315d3c-2f4c-4bc9-b26b-97a171df775c,coordinating the plane,"Assigning ordered pairs (x, y) to points in a plane to represent their positions numerically.",coordinate systems,Co-ordinate geometry,4_Curriculum csvs - Geometry&Trig.csv
2cf25e52-5c36-4fa2-9e6a-e6c6cd2fbfcc,representing linear relationships graphically,Plotting points and drawing lines on a coordinate plane to visualize linear relationships between variables.,linear functions,Co-ordinate geometry,4_Curriculum csvs - Geometry&Trig.csv
7ea80741-f5bf-484d-b639-8f4214e53268,representing linear relationships in tabular form,Organizing input-output values of a linear relationship in tables to identify patterns and rates of change.,linear functions,Co-ordinate geometry,4_Curriculum csvs - Geometry&Trig.csv
f09ff9a1-c178-4166-b4f1-b604a67d72cd,equivalence of slope and rate of change,Understanding that the slope of a line graphically represents the rate of change of the dependent variable with respect to the independent variable.,linear functions,Co-ordinate geometry,4_Curriculum csvs - Geometry&Trig.csv
749a3d7f-272a-4a9d-bd83-ef7b23059cf8,interpretation of start value in linear relationships,Identifying the initial value or y-intercept in a linear function and its significance in real-life contexts.,linear functions,Co-ordinate geometry,4_Curriculum csvs - Geometry&Trig.csv
df298f53-a2a1-419f-945b-59bea4877f28,point of intersection of two linear relationships,"Finding the coordinate point where two linear graphs cross, representing the solution to a system of linear equations.",systems of linear equations,Co-ordinate geometry,4_Curriculum csvs - Geometry&Trig.csv
d0ceefd7-e373-441b-8b13-d66a6a63fc01,solving real-life problems with up to two linear relationships,"Using graphical, numerical, or mental strategies to find solutions involving one or two linear equations in practical contexts.",systems of linear equations,Co-ordinate geometry,4_Curriculum csvs - Geometry&Trig.csv
5eb4e9a2-efc1-4e08-b27f-3ce7846270d3,application of Pythagorean theorem to right-angled triangle problems,"Using the relationship a² + b² = c² to find missing sides in right-angled triangles, especially in height and distance problems.",right-angled triangle properties,Trigonometry,4_Curriculum csvs - Geometry&Trig.csv
69f12b52-07fb-4edd-9db9-9534268d8dd9,use of trigonometric ratios in right-angled triangles,"Applying sine, cosine, and tangent ratios to find unknown sides or angles in right-angled triangles in real-world problems.",right-angled triangle properties,Trigonometry,4_Curriculum csvs - Geometry&Trig.csv
bc93ee11-f302-4b34-a963-eb67fb08fb99,identification of axes of symmetry in simple shapes,"Locating lines that divide shapes into mirror-image halves, demonstrating symmetry properties.",symmetry,Transformation geometry,4_Curriculum csvs - Geometry&Trig.csv
9d634e05-6c15-4ea8-82f3-a95b4a5d1edd,recognition of images under translation,Understanding how points or objects move uniformly in a given direction without rotation or reflection.,transformations,Transformation geometry,4_Curriculum csvs - Geometry&Trig.csv
1a564011-40b4-4b29-a351-e43538b39d20,recognition of images under central symmetry,Identifying points or objects reflected through a center point producing a rotated image by 180 degrees.,transformations,Transformation geometry,4_Curriculum csvs - Geometry&Trig.csv
1f113aed-dcff-40a3-98a8-734c9ccf5085,recognition of images under axial symmetry,Understanding reflections of points or objects across a line (axis) producing mirror images.,transformations,Transformation geometry,4_Curriculum csvs - Geometry&Trig.csv
9954aee2-0bc8-4c55-be49-17c5fe205aa0,recognition of images under rotation,Identifying the position of points or objects after rotation about a fixed point through a specified angle and direction.,transformations,Transformation geometry,4_Curriculum csvs - Geometry&Trig.csv
14db64c6-595f-44f6-9df1-d1b1ea43dae3,investigation of enlargements and their effect on area,"Studying how scaling a figure by a scale factor k changes its size and area, considering k values less than, equal to, or greater than one.",dilations and similarity,Transformation geometry,4_Curriculum csvs - Geometry&Trig.csv
06e9c67c-d4d7-4d08-9ee8-e422b76f4c7c,centre of enlargement in dilations,The fixed point from which all points of a figure are expanded or contracted during an enlargement transformation.,dilations and similarity,Transformation geometry,4_Curriculum csvs - Geometry&Trig.csv
f3b60f8b-41fb-4326-9a83-8e0a4e926540,scale factor in enlargements,The ratio k by which all distances from the centre of enlargement are multiplied to produce an enlarged or reduced image.,dilations and similarity,Transformation geometry,4_Curriculum csvs - Geometry&Trig.csv
458da2ab-2ae3-4f14-b7a3-00c6efc38205,"performing geometric constructions 4,5,10,13,15,16-21,22",Executing specific geometric constructions as numbered in referenced curriculum materials using standard instruments and methods.,geometric constructions,Synthetic geometry,4_Curriculum csvs - Geometry&Trig.csv
5080075a-9fba-40b4-ad1f-90da99f35264,"use of logic and deductive reasoning terms: theorem, proof, axiom, corollary, converse, implies",Understanding and applying fundamental logical terms used in geometric reasoning and proofs.,mathematical logic,Synthetic geometry,4_Curriculum csvs - Geometry&Trig.csv
fc9723d1-02af-427c-8c65-f4de65b837cf,"use of logic and deductive reasoning terms: is equivalent to, if and only if, proof by contradiction",Applying advanced logical concepts and proof techniques to establish mathematical statements.,mathematical logic,Synthetic geometry,4_Curriculum csvs - Geometry&Trig.csv
48e150d0-ea13-40b8-8ea2-4132829870ad,proving theorems concerning ratios in geometry,"Demonstrating geometric theorems related to proportional relationships, foundational for the Pythagorean theorem proof.",geometric proofs,Synthetic geometry,4_Curriculum csvs - Geometry&Trig.csv
7b559ad7-60b9-4d05-bfbf-c0b63927eca4,using slope to determine parallelism of lines,Showing that two lines are parallel if and only if their slopes are equal.,properties of lines,Co-ordinate geometry,4_Curriculum csvs - Geometry&Trig.csv
07cd77a1-cfb6-44a9-859a-2ed8e77ea28d,using slope to determine perpendicularity of lines,Showing that two lines are perpendicular if the product of their slopes is -1.,properties of lines,Co-ordinate geometry,4_Curriculum csvs - Geometry&Trig.csv
500bc133-d70f-4ffa-b2d4-a6112cf4c1c0,recognition of linear equation form ax + by + c = 0,Understanding that any equation of the form ax + by + c = 0 represents a straight line in the plane.,linear equations,Co-ordinate geometry,4_Curriculum csvs - Geometry&Trig.csv
23c74b85-9453-44d3-af86-ff721dd662b7,calculating area of a triangle using coordinates,Determining the area of a triangle by applying coordinate geometry formulas based on vertex coordinates.,area calculation,Co-ordinate geometry,4_Curriculum csvs - Geometry&Trig.csv
703f2c2d-1979-493c-9caa-41b0ddb68d58,"equation of a circle with centre (h,k) and radius r","Using the formula (x-h)² + (y-k)² = r² to represent all points equidistant r from centre (h,k).",circle equations,Co-ordinate geometry,4_Curriculum csvs - Geometry&Trig.csv
5692c995-675b-4c4f-9308-f022e8ae01f1,equation of a circle in general form x² + y² + 2gx + 2fy + c = 0,"Representing a circle with centre (-g, -f) and radius r = √(g² + f² - c) using the expanded quadratic form.",circle equations,Co-ordinate geometry,4_Curriculum csvs - Geometry&Trig.csv
1b252b9d-e2df-4aff-8a00-7c60bb14aee6,solving problems involving line and circle intersections,Finding points where a line and a circle intersect by solving their equations simultaneously.,analytic geometry,Co-ordinate geometry,4_Curriculum csvs - Geometry&Trig.csv
418e7948-c991-458a-8351-ebf460cb6784,calculating perpendicular distance from a point to a line,Determining the shortest distance between a given point and a specified line using coordinate geometry formulas.,distance calculations,Co-ordinate geometry,4_Curriculum csvs - Geometry&Trig.csv
340e327a-d699-4f15-b2b6-211678dc481f,calculating angle between two lines using slopes,Finding the angle formed by two intersecting lines from their slopes using the tangent formula for angle between lines.,angle calculations,Co-ordinate geometry,4_Curriculum csvs - Geometry&Trig.csv
cd2c02ff-8782-43c4-bd22-0ea972150718,internal division of a line segment in ratio m:n,Finding coordinates of a point dividing a line segment internally into parts proportional to m and n.,coordinate geometry,Co-ordinate geometry,4_Curriculum csvs - Geometry&Trig.csv
e7e2595f-30da-415b-9b21-db69f4bc61e9,definition of sine and cosine for all angle values,"Extending the sine and cosine functions to all real angle measures, including negative and angles greater than 360° or 2π radians.",trigonometric functions,Trigonometry,4_Curriculum csvs - Geometry&Trig.csv
85776ffe-4edc-4b76-8cae-3572caaf6aef,definition of tangent function,Defining tangent as the ratio of sine to cosine for any angle where cosine is not zero.,trigonometric functions,Trigonometry,4_Curriculum csvs - Geometry&Trig.csv
7ad3524a-c285-4f85-81fd-26148d00f370,calculating area of a sector of a circle,Using the formula (1/2) r² θ (in radians) to find the area of a sector defined by central angle θ and radius r.,circle geometry,Trigonometry,4_Curriculum csvs - Geometry&Trig.csv
622d35ff-94e2-426c-b845-e8d704ebddfb,calculating length of an arc of a circle,Finding the length of an arc using the formula r θ where θ is the central angle in radians and r is the radius.,circle geometry,Trigonometry,4_Curriculum csvs - Geometry&Trig.csv
eb3f4471-834c-4c37-aa19-09f9bc19fdd6,working with trigonometric ratios in surd form,"Expressing sine, cosine, and tangent values using irrational numbers in simplest radical form.",trigonometric functions,Trigonometry,4_Curriculum csvs - Geometry&Trig.csv
4e7216f1-f9ec-4a34-904d-722773dae467,solving 3D problems using trigonometry,Applying trigonometric ratios and formulas to find lengths and angles in three-dimensional contexts.,spatial trigonometry,Trigonometry,4_Curriculum csvs - Geometry&Trig.csv
b51f7523-be06-44c9-9b9d-f6465c922072,"graphing sine, cosine, and tangent functions","Plotting the periodic graphs of sine, cosine, and tangent functions over specified domains.",trigonometric functions,Trigonometry,4_Curriculum csvs - Geometry&Trig.csv
f6a8b8d8-86f5-4a5d-9f81-41cf8e05db5c,graphing trigonometric functions of the form f(θ) = a + b sin(cθ),"Plotting sine functions with vertical shifts, amplitude changes, and frequency adjustments based on parameters a, b, and c.",trigonometric functions,Trigonometry,4_Curriculum csvs - Geometry&Trig.csv
1ca6bab1-d9cc-4efa-a20e-c62137982f05,graphing trigonometric functions of the form g(θ) = a + b cos(cθ),"Plotting cosine functions with vertical shifts, amplitude changes, and frequency adjustments based on parameters a, b, and c.",trigonometric functions,Trigonometry,4_Curriculum csvs - Geometry&Trig.csv
da36609b-6118-4ea5-b763-e84d45ea7331,solving trigonometric equations sin nθ = 0,Finding all angle solutions θ that satisfy the equation where sine of n times θ equals zero.,trigonometric equations,Trigonometry,4_Curriculum csvs - Geometry&Trig.csv
8eed78e2-4d8d-4856-aa6d-c4ed49605eee,solving trigonometric equations cos nθ = 1/2,Finding all angle solutions θ where cosine of n times θ equals one half.,trigonometric equations,Trigonometry,4_Curriculum csvs - Geometry&Trig.csv
3fcec994-6873-4d82-81a0-5dc1c3bc108d,use of radian measure of angles,"Measuring angles based on the radius of a circle, where one radian is the angle subtended by an arc equal in length to the radius.",angle measurement,Trigonometry,4_Curriculum csvs - Geometry&Trig.csv
a3531cad-4967-4ab8-b65c-728816bc6213,derivation of fundamental trigonometric formulae,Proving key trigonometric identities and formulas used to simplify and solve trigonometric problems.,trigonometric identities,Trigonometry,4_Curriculum csvs - Geometry&Trig.csv
cfcb0ba1-3b5b-40c9-9b22-bd6aae36df16,application of trigonometric formulae 1-24,Using a comprehensive set of trigonometric identities and formulas to solve various problems in trigonometry.,trigonometric identities,Trigonometry,4_Curriculum csvs - Geometry&Trig.csv
5ea13ca4-d234-4724-86eb-c52eecafce5a,solving problems involving slopes of lines,Concept referenced in relationship: solving problems involving slopes of lines,Unknown,Unknown,4_Curriculum csvs - Geometry&Trig.csv
b71221a4-aa1f-4b2b-b725-333bd522fcaa,solving problems involving the area of a sector of a circle and the length of an arc,Concept referenced in relationship: solving problems involving the area of a sector of a circle and the length of an arc,Unknown,Unknown,4_Curriculum csvs - Geometry&Trig.csv
1fc48114-0572-47eb-bd95-2224c3997d6b,natural numbers (N),"The set of positive integers starting from 1, used for counting and ordering.",number sets,Number,1_Curriculum csvs - Number.csv
92cb5d5b-a9d1-4666-9a6b-2ca92b7cd0da,integers (Z),"The set of whole numbers including positive, negative numbers and zero.",number sets,Number,1_Curriculum csvs - Number.csv
75cff38d-9ec4-4448-89a9-b0b8893a64a1,rational numbers (Q),"Numbers that can be expressed as a fraction of two integers, including fractions and decimals with finite or repeating decimal representations.",number sets,Number,1_Curriculum csvs - Number.csv
d896196c-7219-4d04-9dec-da15ab739fbf,decimal representation of rational numbers,Representation of rational numbers as decimals that either terminate or repeat periodically.,rational numbers,Number,1_Curriculum csvs - Number.csv
931141ea-9aa8-4b83-98c6-0112e8ec41ee,percentage as representation of rational numbers,Expressing rational numbers as parts per hundred to compare proportions.,rational numbers,Number,1_Curriculum csvs - Number.csv
27d03f69-0c9c-44f7-b0ec-7f138755b940,addition of natural numbers using models,"Performing addition within natural numbers using models like decomposition, skip counting, and arrays.",addition,Number,1_Curriculum csvs - Number.csv
14186adb-40a4-4484-876b-35b477be400d,subtraction of natural numbers using models,Performing subtraction within natural numbers using models such as decomposition and skip counting.,subtraction,Number,1_Curriculum csvs - Number.csv
8f5c7da5-8582-4762-bab2-b972615a61ac,multiplication of natural numbers using arrays and grouping,Understanding multiplication as repeated addition using arrays and grouping equal sets.,multiplication,Number,1_Curriculum csvs - Number.csv
9bb6d29f-3e84-4f43-b1eb-aca6274c9682,division of natural numbers using grouping and sharing,Understanding division as partitioning or grouping into equal parts within natural numbers.,division,Number,1_Curriculum csvs - Number.csv
480c8d45-1106-4872-8791-fb8d252ad127,inverse operations within natural numbers,"Understanding addition and subtraction, multiplication and division as inverse operations within natural numbers.",arithmetic operations,Number,1_Curriculum csvs - Number.csv
03ce14d4-a6b5-4318-ab7a-17343507d60b,properties of arithmetic: commutative law,"The property that the order of addition or multiplication does not affect the result (e.g., a + b = b + a).",arithmetic properties,Number,1_Curriculum csvs - Number.csv
947b9b09-db6b-455a-99e7-95b7c1f44d01,properties of arithmetic: associative law,"The property that the grouping of numbers in addition or multiplication does not affect the result (e.g., (a + b) + c = a + (b + c)).",arithmetic properties,Number,1_Curriculum csvs - Number.csv
73edbbfa-a222-4e88-9911-03304b8569bc,properties of arithmetic: distributive law,"The property that multiplication distributes over addition or subtraction (e.g., a(b + c) = ab + ac).",arithmetic properties,Number,1_Curriculum csvs - Number.csv
8731eb3c-a01b-46fd-a818-538cd131942d,order of operations including brackets,"Rules that define the sequence in which arithmetic operations are performed, prioritizing brackets, exponents, multiplication/division, and addition/subtraction.",arithmetic operations,Number,1_Curriculum csvs - Number.csv
50274139-1491-470d-a39a-7fd9b8f37a8e,addition with negative integers,Performing addition involving negative numbers by applying arithmetic properties and contextual understanding.,addition,Number,1_Curriculum csvs - Number.csv
4c3401fd-04e4-4e07-8a2b-c19e63750ab1,subtraction with negative integers,Performing subtraction involving negative numbers using arithmetic properties and real-life contexts.,subtraction,Number,1_Curriculum csvs - Number.csv
71088971-13fb-42a9-b55c-6cc6141fc933,multiplication with negative integers,Performing multiplication involving negative numbers by applying arithmetic properties.,multiplication,Number,1_Curriculum csvs - Number.csv
3463e1de-418d-4092-88da-7f669b0a87a8,division with negative integers,Performing division involving negative numbers using arithmetic properties.,division,Number,1_Curriculum csvs - Number.csv
fd539406-5839-4851-9e04-758776fe306a,number line representation of natural numbers,Using a number line to represent and order natural numbers visually.,number representation,Number,1_Curriculum csvs - Number.csv
db5bc2c5-dbc8-49d9-8913-a9ac8a775e3c,number line representation of integers,Using a number line to represent and order integers including negative numbers and zero.,number representation,Number,1_Curriculum csvs - Number.csv
fcd17db7-aea7-4442-bdba-0e294139221e,number line representation of rational numbers,Using a number line to represent and order rational numbers including fractions and decimals.,number representation,Number,1_Curriculum csvs - Number.csv
3684ae74-f2e6-4f07-a46f-f21f7e8145a8,irrational numbers recognition,"Identifying numbers that cannot be expressed as fractions of integers and have non-repeating, non-terminating decimal expansions.",number sets,Number,1_Curriculum csvs - Number.csv
56244441-1d60-484b-8e81-0cbe3487dd23,real numbers (R) and their subsets,"The set of all rational and irrational numbers combined, representing points on the continuous number line.",number sets,Number,1_Curriculum csvs - Number.csv
09770a6d-622e-41a3-8a0a-3beed708c186,complex numbers in rectangular form,Numbers expressed as a + ib where a and b are real numbers and i is the imaginary unit with i² = -1.,number sets,Number,1_Curriculum csvs - Number.csv
9ab6494c-5ac7-4f63-bffd-6b7d6d5225af,Argand diagram representation of complex numbers,Graphical representation of complex numbers as points or vectors in the plane with real and imaginary axes.,complex numbers,Number,1_Curriculum csvs - Number.csv
979390dc-7b69-4719-8a89-36e14aaca0b2,modulus of a complex number,"The distance of a complex number from the origin on the Argand diagram, calculated as the square root of the sum of squares of real and imaginary parts.",complex numbers,Number,1_Curriculum csvs - Number.csv
67007f85-1b5f-43ff-b384-45969f2d4536,complex conjugate,The complex number obtained by changing the sign of the imaginary part of a complex number a + ib to a - ib.,complex numbers,Number,1_Curriculum csvs - Number.csv
bda33c7a-2c0b-4d91-9c88-f43654477def,decimal as special equivalent fraction,"Expressing decimals as fractions with denominators that are powers of ten, strengthening understanding of place value.",rational numbers,Number,1_Curriculum csvs - Number.csv
be914408-2e23-4909-a37d-f1a2b194f796,factors of natural numbers,Numbers that divide a given natural number exactly without remainder.,number theory,Number,1_Curriculum csvs - Number.csv
9e53b342-4135-4c76-8346-cba3a7b319bb,multiples of natural numbers,Numbers obtained by multiplying a given natural number by an integer.,number theory,Number,1_Curriculum csvs - Number.csv
7252dcf8-871c-42ca-9822-2ba787298a60,prime numbers in natural numbers,Natural numbers greater than 1 that have no positive divisors other than 1 and themselves.,number theory,Number,1_Curriculum csvs - Number.csv
d1681e3a-ccdd-4141-b478-3969d1dee704,prime factorization,Expressing a natural number as a product of its prime factors.,number theory,Number,1_Curriculum csvs - Number.csv
fe5a3ba5-2dfd-4741-9baa-ab5a8abed25d,scientific notation for positive rational numbers,Expressing numbers in the form a × 10^n where 1 ≤ a < 10 and n is an integer.,number representation,Number,1_Curriculum csvs - Number.csv
e5e0d242-0619-4429-97fd-731efaec2112,geometric construction of square roots,Using geometric methods to construct lengths representing √2 and √3.,irrational numbers,Number,1_Curriculum csvs - Number.csv
7cf2a7a9-53a2-4f4a-9b61-6fbfac6831ca,proof of irrationality of √2,Mathematical proof demonstrating that √2 cannot be expressed as a ratio of integers.,irrational numbers,Number,1_Curriculum csvs - Number.csv
5f3661c0-e7a5-403d-ae2b-8624123359bf,calculation of conjugates of sums and products of complex numbers,Finding the conjugate of sums and products of complex numbers using algebraic properties.,complex numbers,Number,1_Curriculum csvs - Number.csv
21735dfc-a360-4265-a87b-7524ca1713c5,verification of formulae from number patterns,Proving algebraic formulae derived from observed numerical sequences or patterns.,algebraic reasoning,Algebra,1_Curriculum csvs - Number.csv
2d4ed16e-a96a-4919-a593-91afc0a37f80,investigation of geometric sequences,Studying sequences where each term is found by multiplying the previous term by a constant ratio.,sequences and series,Number,1_Curriculum csvs - Number.csv
873cea8a-77ed-4a47-8cdc-33af78faf785,investigation of geometric series,Studying the sum of terms in a geometric sequence.,sequences and series,Number,1_Curriculum csvs - Number.csv
b9574039-0752-4cd9-882b-651f263fab7f,mathematical induction for sum of first n natural numbers,Proof technique to establish that the sum of the first n natural numbers equals n(n+1)/2.,proof techniques,Algebra,1_Curriculum csvs - Number.csv
7dfc872f-205f-4539-9b79-4bc6071f14ab,mathematical induction for sum of finite geometric series,Using induction to prove the formula for the sum of a finite geometric series.,proof techniques,Algebra,1_Curriculum csvs - Number.csv
e50fa9c5-a2ac-42f9-82b5-363837199309,mathematical induction for inequalities,Using induction to prove inequalities such as n! > 2^n for n ≥ 4.,proof techniques,Algebra,1_Curriculum csvs - Number.csv
d6ef6e24-a7cf-4fc6-b111-5f84a7a96624,factorisation results via induction,"Using induction to prove divisibility and factorisation properties, e.g., 3 divides 4^n - 1.",proof techniques,Algebra,1_Curriculum csvs - Number.csv
ffbe1477-c483-41dd-97f7-7e1400927d24,limits of sequences,Determining the value that terms of a sequence approach as the index goes to infinity.,sequences and series,Number,1_Curriculum csvs - Number.csv
d2dfa8e9-6f4b-4bcf-97a9-1a9665d2d42d,limits of geometric sequences,Finding the limit of sequences where each term is multiplied by a constant ratio r as n approaches infinity.,sequences and series,Number,1_Curriculum csvs - Number.csv
e435ef69-4e6d-45b2-8ca0-1eeb04928bc9,sum to infinity of geometric series,Calculating the sum of an infinite geometric series by considering the limit of partial sums.,sequences and series,Number,1_Curriculum csvs - Number.csv
d7558916-c123-462f-af32-81d9c12567f9,recurring decimals as infinite geometric series,Representing repeating decimals as sums of infinite geometric series.,sequences and series,Number,1_Curriculum csvs - Number.csv
096c9605-c75c-4b12-a256-a6c4b91f7989,equality as a relationship of expressions,Understanding equality as the condition where two mathematical expressions represent the same value.,algebraic reasoning,Algebra,1_Curriculum csvs - Number.csv
1506a27c-dcef-4541-87eb-d2f5cfb5c2b2,percentage calculation,Computing values expressed as parts per hundred to compare proportions and solve related problems.,proportional reasoning,Number,1_Curriculum csvs - Number.csv
70687fb2-4468-4a9c-bec2-5e252fcd846a,"equivalence of fractions, decimals, and percentages","Understanding and using the relationships between fractions, decimals, and percentages to compare proportions.",proportional reasoning,Number,1_Curriculum csvs - Number.csv
e18c2f6f-ae54-445f-91fd-3a79e43fc14f,ratio and proportion relationships,Understanding the relationship between two quantities and how they scale relative to each other.,proportional reasoning,Number,1_Curriculum csvs - Number.csv
2eeb2e18-ff8e-4211-ad9e-3771248c467c,checking results by order of magnitude,Verifying the plausibility of a result by comparing its size to expected scales and working backwards.,estimation and approximation,Number,1_Curriculum csvs - Number.csv
78125670-b35b-4eff-9134-631b6065dbf2,rounding off results,Approximating numerical answers to a specified degree of accuracy.,estimation and approximation,Number,1_Curriculum csvs - Number.csv
da8f5321-1117-4cc4-aad9-3e0a3924e243,making and justifying estimates and approximations,Developing reasonable numerical estimates and explaining their appropriateness.,estimation and approximation,Number,1_Curriculum csvs - Number.csv
b514ef75-8afc-49a1-bb77-a8aab78392a6,expressing numbers in scientific notation,Writing non-zero positive rational numbers in the form a × 10^n with 1 ≤ a < 10 and integer n.,number representation,Number,1_Curriculum csvs - Number.csv
c4533ab2-82b3-4230-82d8-4edc8e88c95b,indices as squares and cubes,Representing numbers raised to the power of 2 (squares) and 3 (cubes).,indices and powers,Number,1_Curriculum csvs - Number.csv
9cbe1cc3-4d91-4eca-80ba-f13947895140,indices as square roots and reciprocals,Representing numbers raised to fractional powers such as 1/2 (square root) and negative powers (reciprocals).,indices and powers,Number,1_Curriculum csvs - Number.csv
22b5c2c2-0f33-43e8-8018-6e0ede051988,recognition and continuation of numerical sequences,Identifying patterns in sequences and using them to predict subsequent terms.,sequences and series,Number,1_Curriculum csvs - Number.csv
b48416d1-a944-4b1c-9762-9b9af5af5614,generalisation of sequences in algebraic form,Expressing patterns and relationships in sequences using algebraic expressions.,algebraic reasoning,Algebra,1_Curriculum csvs - Number.csv
fd847e52-0bf3-4b79-a2cf-a7002511b480,recognition of arithmetic sequences,Identifying sequences where the difference between consecutive terms is constant.,sequences and series,Number,1_Curriculum csvs - Number.csv
6b98c425-c7dd-4cbc-b878-58d5d594accd,recognition of geometric sequences,Identifying sequences where each term is found by multiplying the previous term by a constant ratio.,sequences and series,Number,1_Curriculum csvs - Number.csv
408f4535-9619-4888-93b0-5297ebbfe8e6,sum to n terms of arithmetic series,Calculating the sum of the first n terms of an arithmetic sequence.,sequences and series,Number,1_Curriculum csvs - Number.csv
378b9048-ba7a-479e-a11c-0b462d07b79e,rules of indices: product rule,"For the same base, multiply powers by adding exponents: a^p × a^q = a^(p+q).",indices and powers,Number,1_Curriculum csvs - Number.csv
e8c54080-ee9c-4061-8ca5-bcc70855d12b,rules of indices: quotient rule,"For the same base, divide powers by subtracting exponents: a^p ÷ a^q = a^(p−q).",indices and powers,Number,1_Curriculum csvs - Number.csv
a906190a-a061-45c8-b1be-e3ad4ed508c1,rules of indices: zero exponent rule,Any non-zero base raised to the zero power equals 1: a^0 = 1.,indices and powers,Number,1_Curriculum csvs - Number.csv
77d2de37-4853-4615-b10c-f6f313f222a5,rules of indices: power of a power,Raising a power to another power multiplies the exponents: (a^p)^q = a^(pq).,indices and powers,Number,1_Curriculum csvs - Number.csv
9aa277c9-e5c0-42b6-8eea-90a6a8273f44,rules of indices: negative exponent rule,A negative exponent indicates the reciprocal: a^(−p) = 1/a^p.,indices and powers,Number,1_Curriculum csvs - Number.csv
2c0d8ab2-ff0e-413a-b9ee-01c865f2446d,rules of indices: power of a product,The power of a product equals the product of the powers: (ab)^p = a^p b^p.,indices and powers,Number,1_Curriculum csvs - Number.csv
522fe2a4-43a2-4fd1-bf1e-374fc23847b0,rules of indices: power of a quotient,The power of a quotient equals the quotient of the powers: (a/b)^p = a^p / b^p.,indices and powers,Number,1_Curriculum csvs - Number.csv
8aa32759-4c40-4564-89d4-61a281bf4407,logarithm product rule,The logarithm of a product equals the sum of the logarithms: log_a(xy) = log_a x + log_a y.,logarithms,Number,1_Curriculum csvs - Number.csv
016ad8ea-3d40-46f3-bdb6-b9b80955a96b,logarithm quotient rule,The logarithm of a quotient equals the difference of the logarithms: log_a(x/y) = log_a x − log_a y.,logarithms,Number,1_Curriculum csvs - Number.csv
de030616-cd49-45cc-9b19-9cb869d9b08c,logarithm power rule,The logarithm of a power equals the exponent times the logarithm: log_a(x^q) = q log_a x.,logarithms,Number,1_Curriculum csvs - Number.csv
dbedb853-6386-43df-afdd-f511fddd12e4,logarithm of base and one,log_a a = 1 and log_a 1 = 0 for any valid base a.,logarithms,Number,1_Curriculum csvs - Number.csv
ef2ee23c-f844-4a71-a6b4-ba2b526aa749,change of base formula for logarithms,Expressing logarithm in one base in terms of another: log_a x = log_b x / log_b a.,logarithms,Number,1_Curriculum csvs - Number.csv
aff73f1a-6616-4e4f-8649-01993fcb0fe4,solving everyday arithmetic problems,"Applying arithmetic operations to solve real-life problems such as tariffs, currency exchange, shopping, VAT, and timetables.",applied arithmetic,Number,1_Curriculum csvs - Number.csv
cebe6610-85ea-4336-a6ea-f98ddd8a9062,value for money calculations,Calculating and comparing costs and benefits to make financial judgments.,financial mathematics,Number,1_Curriculum csvs - Number.csv
773c46a2-2259-49a2-aec7-fa97982bb442,ratio and proportion applications,Using ratios and proportions to solve problems involving relative quantities.,proportional reasoning,Number,1_Curriculum csvs - Number.csv
f412f809-3ff1-4693-9254-d8cd76486c83,profit and loss calculations,Computing profit or loss amounts and percentages based on cost price and selling price.,financial mathematics,Number,1_Curriculum csvs - Number.csv
cf20073f-1169-4751-8234-14010ed68ccb,discount and percentage discount calculations,Calculating reductions in price and their percentage equivalents.,financial mathematics,Number,1_Curriculum csvs - Number.csv
97ac6c0f-aa42-4ac4-beea-1053444f215f,compound interest calculations (up to 3 years),Calculating interest earned on principal and accumulated interest over up to three years.,financial mathematics,Number,1_Curriculum csvs - Number.csv
f3ebad94-b78b-4ee4-ba89-da2c6d92c57f,income tax and net pay calculations,Computing deductions such as income tax and other specified amounts to find net pay.,financial mathematics,Number,1_Curriculum csvs - Number.csv
d250a9af-9790-4b37-9b3a-41f1d710b41d,"average speed, distance, and time calculations","Solving problems relating speed, distance traveled, and time taken using the formula distance = speed × time.",measurement and rate,Number,1_Curriculum csvs - Number.csv
bb8c5668-37dd-4bb2-a6bf-232778b4d1cc,2D shapes and 3D solids recognition,Identifying and working with two-dimensional shapes and three-dimensional solids including their nets.,geometric shapes,Geometry,1_Curriculum csvs - Number.csv
36271ec6-8aec-4495-9593-4243e4ac4776,nets of solids,Two-dimensional layouts that can be folded to form three-dimensional solids.,geometric shapes,Geometry,1_Curriculum csvs - Number.csv
458279a1-1e9a-4ff5-979f-c837c1d8f847,perimeter calculation of plane figures,"Finding the total length around 2D shapes such as discs, triangles, rectangles, and squares.",measurement,Geometry,1_Curriculum csvs - Number.csv
44c3a561-5920-4c1a-8836-37a1acd8d1ac,area calculation of plane figures,Computing the surface area within the boundaries of 2D shapes including combinations of regular and irregular shapes.,measurement,Geometry,1_Curriculum csvs - Number.csv
5687066e-7717-403a-8c15-773def5c6324,volume calculation of rectangular solids,Finding the amount of space occupied by rectangular prisms using length × width × height.,measurement,Geometry,1_Curriculum csvs - Number.csv
eeaf6a71-3888-4c71-b5af-e45b307af475,volume calculation of cylinders,Calculating the space inside a cylinder using the formula π × radius² × height.,measurement,Geometry,1_Curriculum csvs - Number.csv
d34f57f0-aae6-4d6b-8326-28ae920fda12,surface area calculation of solids,"Finding the total area of all the faces or curved surfaces of 3D solids such as cylinders, spheres, and rectangular solids.",measurement,Geometry,1_Curriculum csvs - Number.csv
bf3460f9-fb6b-4bff-b790-b5d07e126227,scaled diagram drawing and interpretation,Creating and understanding diagrams drawn to scale to represent real objects or situations.,geometric representation,Geometry,1_Curriculum csvs - Number.csv
4463f5d0-7779-4686-a780-a203311de053,accumulated error by addition and subtraction,Understanding how errors combine when adding or subtracting measurements or calculations.,error analysis,Number,1_Curriculum csvs - Number.csv
e56bdd26-7e98-4964-80dc-4282f8662cea,percentage error and tolerance calculation,Calculating the relative error as a percentage and understanding acceptable error margins (tolerances).,error analysis,Number,1_Curriculum csvs - Number.csv
4e1db3b9-33c8-4864-991e-1d1ee1f883aa,average rate of change calculation,Computing the average change of a quantity with respect to time or another variable.,rate and ratio,Number,1_Curriculum csvs - Number.csv
fac7e01f-3445-423e-9688-5b8fc1dc72a1,depreciation using reducing balance method,Calculating the decrease in value of an asset by applying a fixed percentage reduction each period.,financial mathematics,Number,1_Curriculum csvs - Number.csv
cfeeb2cb-6957-4904-b2d6-644669e674f0,"costing including materials, labour, and wastage","Calculating total cost by considering materials, labour charges, and wastage amounts.",financial mathematics,Number,1_Curriculum csvs - Number.csv
6f1750d5-a55d-4fdf-abd9-d2a0246b2ddc,metric and imperial unit conversions,Converting measurements between metric units and everyday imperial units using conversion factors.,measurement,Number,1_Curriculum csvs - Number.csv
83615f95-8963-40c7-8722-30e8678baec1,"nets of prisms, cylinders, and cones","Two-dimensional layouts that fold to form prisms, cylinders, and cones.",geometric shapes,Geometry,1_Curriculum csvs - Number.csv
ef6c63e5-3818-44a0-9c8d-9e9acd7c2244,perimeter and area of sectors of discs,Calculating the length of the arc and area of a sector (a 'slice') of a circle.,measurement,Geometry,1_Curriculum csvs - Number.csv
071bd92b-5491-49f0-88c3-6acd8cc7622b,surface area and volume of cones,"Calculating the curved surface area, total surface area, and volume of cones.",measurement,Geometry,1_Curriculum csvs - Number.csv
cdbddd30-7999-4de4-acb8-a6048b882cff,surface area and volume of triangular-based prisms,"Calculating surface area and volume of prisms with triangular bases, including right angle, isosceles, and equilateral triangles.",measurement,Geometry,1_Curriculum csvs - Number.csv
98c274e5-1592-4f9f-9d26-c95c59af573e,surface area and volume of spheres and hemispheres,Calculating total surface area and volume of spheres and hemispheres.,measurement,Geometry,1_Curriculum csvs - Number.csv
b0f8e09e-ddfe-4767-99e2-949d0f64285e,use of trapezoidal rule to approximate area,Estimating the area under a curve by dividing it into trapezoids and summing their areas.,numerical approximation,Number,1_Curriculum csvs - Number.csv
c00efd27-66fb-4161-841f-57665efee718,present value in loan repayments and investments,Calculating the current worth of a future sum of money or stream of cash flows given a specified rate of return.,financial mathematics,Number,1_Curriculum csvs - Number.csv
f6eb844d-5378-4d9a-af7f-2e1ea5e10169,function as a unique input-output assignment,Understanding that a function assigns exactly one output value for each input value.,function definition,Functions,2_Curriculum csvs - Functions.csv
274c4e4e-ed29-47a3-8d1b-a8a26ace30f2,graphing linear functions with rational coefficients,Plotting functions of the form f(x) = ax + b where a and b are rational numbers and x is a real number.,linear functions,Functions,2_Curriculum csvs - Functions.csv
f63ca7b9-544a-4e4e-809e-e993e382b186,forming composite functions,"Creating a new function by applying one function to the result of another function, denoted as (f∘g)(x) = f(g(x)).",function operations,Functions,2_Curriculum csvs - Functions.csv
f52854f0-e06c-4c33-90ac-4dbf2aa13a25,graphing quadratic functions with integer coefficients,"Plotting functions of the form f(x) = ax² + bx + c where a, b, c are integers and x is a real number.",quadratic functions,Functions,2_Curriculum csvs - Functions.csv
558f5115-ca01-4018-ba39-670a9d7c1246,graphing cubic functions with integer coefficients,"Plotting functions of the form f(x) = ax³ + bx² + cx + d where a, b, c, d are integers and x is a real number.",cubic functions,Functions,2_Curriculum csvs - Functions.csv
0d123531-6bf6-48f4-9278-f48f77cc51c9,graphing exponential functions with natural base coefficient,"Plotting functions of the form f(x) = ab^x where a is a natural number and b, x are real numbers.",exponential functions,Functions,2_Curriculum csvs - Functions.csv
6ce2b19f-1438-4f51-88a0-cd524a0c01dd,interpreting equations as function comparisons,Understanding equations of the form f(x) = g(x) as comparing outputs of two functions to find points of equality.,function equations,Functions,2_Curriculum csvs - Functions.csv
4c9fd9b0-8972-4c6f-a4b1-341e7840df7d,graphical solution of equations f(x) = 0,Using graphs to find approximate values of x where the function f(x) crosses the x-axis (roots).,equation solving,Functions,2_Curriculum csvs - Functions.csv
c5ec9fd5-6bbd-4bd9-9b56-1fd3eafe264f,graphical solution of equations f(x) = k,Using graphs to find approximate values of x where the function f(x) equals a constant k.,equation solving,Functions,2_Curriculum csvs - Functions.csv
908f4d8d-08c3-4e4d-aff2-65fa4330d24a,graphical solution of equations f(x) = g(x),Using graphs to find approximate values of x where two functions have equal outputs.,equation solving,Functions,2_Curriculum csvs - Functions.csv
65464dbb-d59b-4683-8090-6d3298302911,concept of limit of a function,Investigating the value that a function approaches as the input approaches a particular point.,limits,Functions,2_Curriculum csvs - Functions.csv
8956cab6-abc8-4756-bb24-db5aa2200cbd,recognising surjective functions,Identifying functions where every possible output is mapped to by at least one input (onto functions).,function types,Functions,2_Curriculum csvs - Functions.csv
22255953-37ed-4ad7-a3e6-7e2624047928,recognising injective functions,Identifying functions where each output corresponds to at most one input (one-to-one functions).,function types,Functions,2_Curriculum csvs - Functions.csv
bbb5e97c-1feb-4abb-8d77-5c6cee5ce506,recognising bijective functions,"Identifying functions that are both injective and surjective, establishing a one-to-one correspondence between inputs and outputs.",function types,Functions,2_Curriculum csvs - Functions.csv
cd2af3fd-1846-42b7-af1a-f84f0257370c,finding inverse of a bijective function,"Determining the function that reverses the mapping of a bijective function, swapping inputs and outputs.",inverse functions,Functions,2_Curriculum csvs - Functions.csv
b9829e11-9e38-4de7-88b6-844eba2ddf6e,sketching inverse function graphs from original function graphs,Drawing the graph of the inverse function by reflecting the original function's graph across the line y = x.,inverse functions,Functions,2_Curriculum csvs - Functions.csv
f4ee61b7-55b9-4ccc-a360-0d0d824e5eb3,expressing quadratic functions in complete square form,Rewriting quadratic functions as f(x) = a(x-h)² + k to identify vertex and simplify analysis.,quadratic function transformations,Functions,2_Curriculum csvs - Functions.csv
9353109b-2d47-4e14-bffb-bde4fdbd491d,using complete square form to find roots and turning points,Employing the vertex form of a quadratic to determine the function's zeros and vertex coordinates.,quadratic function analysis,Functions,2_Curriculum csvs - Functions.csv
d7c7ab05-1f58-405f-863e-bc17355aeed9,graphing quadratic functions with rational coefficients,"Plotting quadratic functions where coefficients a, b, c are rational numbers and x is real.",quadratic functions,Functions,2_Curriculum csvs - Functions.csv
263c59ff-d79f-4dbb-8810-f3d55142f3fc,graphing exponential functions with real coefficients,Plotting functions of the form f(x) = ab^x where a and b are real numbers with a > 0.,exponential functions,Functions,2_Curriculum csvs - Functions.csv
0c0181ca-14e7-44b3-a1f8-5692d2260fdc,graphing logarithmic functions,"Plotting functions that are the inverse of exponential functions, typically of the form f(x) = log_b(x).",logarithmic functions,Functions,2_Curriculum csvs - Functions.csv
8ec48a44-111f-4a91-ba2d-1b4438162dda,graphing trigonometric functions,"Plotting periodic functions such as sine, cosine, and tangent over real numbers.",trigonometric functions,Functions,2_Curriculum csvs - Functions.csv
c29cb6dc-3ac1-462c-8402-4af09c9752c3,informal exploration of limits and continuity,Investigating how functions behave near points and whether they have breaks or jumps without formal epsilon-delta proofs.,limits and continuity,Functions,2_Curriculum csvs - Functions.csv
5176c870-4940-4f3f-be92-e7eec6b1c32c,"finding first derivatives of linear, quadratic, and cubic functions by rule",Calculating the rate of change of polynomial functions of degree one to three using differentiation rules.,differentiation,Calculus,2_Curriculum csvs - Functions.csv
61d1efbe-d3dd-4613-bc31-70074b2213d5,"finding second derivatives of linear, quadratic, and cubic functions by rule",Calculating the derivative of the first derivative to analyze concavity and acceleration of polynomial functions.,differentiation,Calculus,2_Curriculum csvs - Functions.csv
4c18f261-fe21-4448-b209-e8a918aa1ee4,associating derivatives with slopes and tangent lines,Understanding that the derivative at a point gives the slope of the tangent line to the function's graph at that point.,derivative interpretation,Calculus,2_Curriculum csvs - Functions.csv
683920e2-5f1e-4209-aa39-dfde2aa7d07a,applying differentiation to rates of change,Using derivatives to calculate how quantities change with respect to one another in various contexts.,applications of differentiation,Calculus,2_Curriculum csvs - Functions.csv
1c1a87ee-5836-4237-9ee1-259d050341fa,applying differentiation to find maxima and minima,Using derivatives to locate points where functions reach local maximum or minimum values.,applications of differentiation,Calculus,2_Curriculum csvs - Functions.csv
c26b0268-f1d1-431e-9f59-4d156cce880f,applying differentiation to curve sketching,Using first and second derivatives to analyze and sketch the shape and features of graphs.,applications of differentiation,Calculus,2_Curriculum csvs - Functions.csv
80233a1e-d91c-4892-ac99-f33d7d6358a8,differentiating linear and quadratic functions from first principles,Calculating derivatives using the limit definition rather than rules for linear and quadratic functions.,differentiation,Calculus,2_Curriculum csvs - Functions.csv
b89667a4-66aa-4fa3-a350-a04d66469a2c,differentiating polynomial functions,Applying rules to find derivatives of polynomial functions of any degree.,differentiation,Calculus,2_Curriculum csvs - Functions.csv
e9f52a00-5ae0-4525-8cff-7980a1a9dcad,differentiating exponential functions,Calculating derivatives of functions where the variable is in the exponent.,differentiation,Calculus,2_Curriculum csvs - Functions.csv
31a18a01-c097-4de1-9e00-15029a1b3d72,differentiating trigonometric functions,"Calculating derivatives of sine, cosine, and other trigonometric functions.",differentiation,Calculus,2_Curriculum csvs - Functions.csv
148bced0-b984-4ce7-8144-e8cdf7ba03bf,differentiating functions with rational powers,Finding derivatives of functions where variables are raised to fractional exponents.,differentiation,Calculus,2_Curriculum csvs - Functions.csv
684fa674-f578-47d7-bcbe-8ba5e7a81e7d,differentiating inverse functions,Calculating derivatives of functions that are inverses of other functions using appropriate rules.,differentiation,Calculus,2_Curriculum csvs - Functions.csv
2b5ebada-4b89-49a2-b8c1-909363f89c84,differentiating logarithmic functions,Calculating derivatives of logarithmic functions such as natural log and log base b.,differentiation,Calculus,2_Curriculum csvs - Functions.csv
f799eccc-135f-4328-a0b6-3ef89a082f24,"differentiating sums, differences, products, quotients, and compositions of functions","Applying differentiation rules including sum, difference, product, quotient, and chain rules to combinations of functions.",differentiation rules,Calculus,2_Curriculum csvs - Functions.csv
2a0884c1-fcc3-432e-9ca4-3d942d86b742,using differentiation to find slope of tangent to a circle,Applying derivative concepts to determine the slope of the tangent line at a point on a circle.,applications of differentiation,Calculus,2_Curriculum csvs - Functions.csv
36b6e6f9-5131-43b7-8f58-06ea2e74b1ad,recognising integration as reverse process of differentiation,"Understanding that integration undoes differentiation, recovering the original function from its derivative.",integration,Calculus,2_Curriculum csvs - Functions.csv
ad44df0a-7d79-4cc8-a4fd-dd6aba8aa6f8,using integration to find average value of a function over an interval,Calculating the mean value of a function on a given interval using definite integrals.,applications of integration,Calculus,2_Curriculum csvs - Functions.csv
9ea91e24-9387-4dd7-bf5c-a359df4c988b,"integrating sums, differences, and constant multiples of power functions","Applying integration rules to functions of the form x^a where a is rational, including linear multiples.",integration,Calculus,2_Curriculum csvs - Functions.csv
3a1ece45-89be-4b52-96f1-19814fc02db3,integrating exponential functions of the form a^x,Finding integrals of exponential functions with positive real bases.,integration,Calculus,2_Curriculum csvs - Functions.csv
bbc5f268-d99f-4894-ad98-ac6e695fe65b,integrating sine functions with real coefficients,Calculating integrals of functions of the form sin(ax) where a is a real number.,integration,Calculus,2_Curriculum csvs - Functions.csv
9c7aa206-8389-4d18-9984-ecb045bc0fd4,integrating cosine functions with real coefficients,Calculating integrals of functions of the form cos(ax) where a is a real number.,integration,Calculus,2_Curriculum csvs - Functions.csv
f134c0ac-eb02-45a5-ae6c-450b023cb45c,determining areas of plane regions bounded by polynomial curves,Using definite integrals to find the area enclosed between polynomial function graphs and the x-axis or other curves.,applications of integration,Calculus,2_Curriculum csvs - Functions.csv
0f3aebfd-7529-47af-b74c-11de97742dfe,determining areas of plane regions bounded by exponential curves,Using definite integrals to find the area enclosed between exponential function graphs and the x-axis or other curves.,applications of integration,Calculus,2_Curriculum csvs - Functions.csv
2144af96-39e5-4768-92bf-256879aaa90d,determining areas of plane regions bounded by polynomial and exponential curves,Concept referenced in relationship: determining areas of plane regions bounded by polynomial and exponential curves,Unknown,Unknown,2_Curriculum csvs - Functions.csv
f9ea1b81-328a-4bd2-bef1-6332c4c36a2f,using tables to represent repeating-pattern situations,Constructing tables that map inputs to outputs to represent and analyze repeating numerical or visual patterns.,pattern representation,Number,3_Curriculum csvs - Algebra.csv
1bccb0ef-0022-423a-a742-bc27b260d886,generalising and explaining numerical patterns in words and numbers,Describing the rule or relationship governing a pattern using verbal and numerical expressions.,pattern generalisation,Number,3_Curriculum csvs - Algebra.csv
a91e4ef1-dbef-4a44-9859-96ae97fad242,writing arithmetic expressions for particular terms in a sequence,Formulating arithmetic expressions that represent the nth term or specific terms in a numerical sequence.,sequence expressions,Algebra,3_Curriculum csvs - Algebra.csv
34fb51ac-6a4b-43c1-a7ae-5015b329873f,"representing linear patterns with tables, diagrams, and graphs","Using tables, visual diagrams, and coordinate graphs to model and analyze linear relationships and patterns.",linear pattern representation,Algebra,3_Curriculum csvs - Algebra.csv
4d9def23-c7a0-4033-aed4-20c74e0f36ea,developing and using generalising strategies for patterns,"Creating and applying methods to identify and extend patterns or relationships, including considering others' approaches.",pattern generalisation strategies,Algebra,3_Curriculum csvs - Algebra.csv
21b554f7-cb43-4e02-bd4f-56f2bb9a8efd,presenting and interpreting solutions with justification,Communicating problem solutions clearly with explanations and reasoning to support conclusions.,mathematical communication,Mathematical Processes,3_Curriculum csvs - Algebra.csv
b25ff818-dae9-4c43-a90d-296144fe50c7,finding underlying formulae for linear relationships from data,Deriving algebraic formulae that describe linear relationships based on observed data or patterns.,linear formula derivation,Algebra,3_Curriculum csvs - Algebra.csv
09869424-0f09-473f-91de-cbe4a594d10b,identifying features of linear relationships in multiple representations,"Recognizing characteristics such as rate of change and intercepts in tables, graphs, models, and verbal or algebraic formulae.",linear relationship features,Algebra,3_Curriculum csvs - Algebra.csv
73a130e5-eeaa-4ed4-a376-6d479d159de1,discussing rate of change and y-intercept in context,Explaining how the slope (rate of change) and y-intercept relate to real-world situations and appear in different representations.,linear function interpretation,Algebra,3_Curriculum csvs - Algebra.csv
4ed9801e-c310-4bea-a0d3-e2e74cfbafbc,determining common values of two linear relationships,"Finding points where two linear functions have the same output value, often by solving equations or comparing graphs.",linear function comparison,Algebra,3_Curriculum csvs - Algebra.csv
deac8804-10e0-47cf-b22c-4ab612cb7f02,recognising and solving direct proportion problems,Identifying situations where two quantities vary directly and using proportional reasoning to solve related problems.,proportional relationships,Number,3_Curriculum csvs - Algebra.csv
ee6058d5-46a2-4e4a-840d-5450cff65259,exploring graphs of motion quantitatively,"Analyzing graphs that represent motion to understand changes in position, speed, or acceleration over time.",graph interpretation,Measurement and Geometry,3_Curriculum csvs - Algebra.csv
984685e6-53b4-48ac-87ea-b90482905511,connecting graph shape to phenomena stories,"Relating the visual form of a graph to the real-world event or process it represents, interpreting both quantity and change.",graphical reasoning,Measurement and Geometry,3_Curriculum csvs - Algebra.csv
c1182e75-0cc5-4c2f-97ce-3266178ff26f,evaluating algebraic expressions given variable values,Substituting numerical values into algebraic expressions and calculating the resulting value.,expression evaluation,Algebra,3_Curriculum csvs - Algebra.csv
18ea0a70-6403-4159-bda5-9cfe0b2585d2,expanding and regrouping algebraic expressions,Applying distributive property and combining like terms to rewrite expressions in expanded or simplified form.,expression manipulation,Algebra,3_Curriculum csvs - Algebra.csv
836aae32-d6fe-4786-8f29-f4ba3e75fded,factorising quadratic expressions of order 2,Rewriting second-degree polynomial expressions as products of binomials or simpler factors.,polynomial factorisation,Algebra,3_Curriculum csvs - Algebra.csv
84f135df-fe88-4fe9-ad47-9bc867c6347d,adding and subtracting linear and quadratic expressions with integer coefficients,Performing addition and subtraction on expressions of the form (ax+by+c) and (ax²+bx+c) where coefficients are integers.,polynomial operations,Algebra,3_Curriculum csvs - Algebra.csv
61213be9-badc-4ff3-b021-fcbe8df90047,simplifying expressions using associative and distributive properties,Applying associative and distributive laws to simplify expressions involving sums and products of terms with integer coefficients.,expression simplification,Algebra,3_Curriculum csvs - Algebra.csv
59f9d495-50ef-4d7c-918c-e92ea661986d,rearranging formulae,Manipulating algebraic equations to isolate a specified variable on one side.,formula manipulation,Algebra,3_Curriculum csvs - Algebra.csv
5792c525-b5c3-4260-acef-16eeea798e86,performing arithmetic operations on polynomials and rational algebraic expressions,"Adding, subtracting, multiplying, and dividing polynomial and rational expressions, including handling brackets and surds.",polynomial and rational expression operations,Algebra,3_Curriculum csvs - Algebra.csv
8c1b158c-ada4-42ca-9da5-9ea2281d8a0e,applying the binomial theorem,Using the binomial theorem to expand expressions of the form (a + b)^n for positive integer n.,polynomial expansion,Algebra,3_Curriculum csvs - Algebra.csv
af480a00-e8c8-4859-b6c7-9350be9f157b,solving linear equations of the form f(x) = g(x) with rational coefficients,Finding solutions to linear equations where f(x) and g(x) are linear expressions with rational number coefficients.,linear equation solving,Algebra,3_Curriculum csvs - Algebra.csv
a0e4a31b-7eea-4fc7-b724-d9073968e02a,"selecting graphic, numeric, and mental strategies for equation solving","Using graphs, tables of values, and mental arithmetic to find solutions to equations.",equation solving strategies,Algebra,3_Curriculum csvs - Algebra.csv
05eacf4c-4371-4ba1-93ce-949a704de919,solving simultaneous linear equations with two unknowns,Finding values of variables that satisfy two linear equations simultaneously.,simultaneous equations,Algebra,3_Curriculum csvs - Algebra.csv
21e6a7ce-4cd2-447a-ae73-515796700620,solving systems involving one linear and one quadratic equation with two unknowns,"Finding solutions to systems where one equation is linear and the other is quadratic, with constraints on coefficients for simplification.",simultaneous equation solving,Algebra,3_Curriculum csvs - Algebra.csv
c052d2a3-fbb8-4bb1-8679-76362a631f31,forming quadratic equations given whole number roots,Constructing quadratic equations when the roots (solutions) are known integers.,quadratic equation formation,Algebra,3_Curriculum csvs - Algebra.csv
88a729ff-e8bb-4d7c-80ee-6ca6f206386f,using the Factor Theorem for polynomials,Applying the Factor Theorem to determine if a linear binomial is a factor of a polynomial and to find roots.,polynomial factorisation,Algebra,3_Curriculum csvs - Algebra.csv
cae64408-6630-448f-94de-33106758fcc2,solving cubic equations with at least one integer root,Finding solutions to third-degree polynomial equations that have at least one root which is an integer.,cubic equation solving,Algebra,3_Curriculum csvs - Algebra.csv
3e6780c4-6c62-4419-851e-1c6a162f3720,solving simultaneous linear equations with three unknowns,Finding values of three variables that satisfy three linear equations simultaneously.,simultaneous equations,Algebra,3_Curriculum csvs - Algebra.csv
fe02f457-a9be-45ad-ae0f-9c7a08c3c216,solving linear inequalities of the form g(x) ≤ k or g(x) ≥ k with rational coefficients,Finding solution sets for linear inequalities where g(x) is linear and coefficients and constants are rational numbers.,linear inequality solving,Algebra,3_Curriculum csvs - Algebra.csv
a3a322dc-42ca-4eaa-bebd-452bf511a1c2,solving linear inequalities of the form g(x) < k or g(x) > k with rational coefficients,Finding solution sets for strict linear inequalities with rational coefficients.,linear inequality solving,Algebra,3_Curriculum csvs - Algebra.csv
20f25486-dc2d-459e-9b1c-09fd86470234,solving quadratic inequalities of the form g(x) ≤ k or g(x) ≥ k,Determining solution sets for inequalities where g(x) is a quadratic expression and coefficients are rational.,quadratic inequality solving,Algebra,3_Curriculum csvs - Algebra.csv
4fe684a5-243f-4c7d-a5e0-b59e4d670356,solving absolute value inequalities of the form |x – a| < b or |x – a| > b,Finding solution sets for inequalities involving the absolute value of linear expressions.,absolute value inequality solving,Algebra,3_Curriculum csvs - Algebra.csv
3d46ef61-a889-45ed-84ae-774d8998e6d3,using the Conjugate Root Theorem to find polynomial roots,Applying the theorem that complex roots of polynomials with real coefficients occur in conjugate pairs to find roots.,polynomial root finding,Complex Numbers,3_Curriculum csvs - Algebra.csv
4d746a11-a1d4-4bfe-a3f2-388da2781932,working with complex numbers in rectangular and polar form,Representing and manipulating complex numbers using Cartesian coordinates (a + bi) and polar coordinates (r(cos θ + i sin θ)).,complex number representation,Complex Numbers,3_Curriculum csvs - Algebra.csv
fab2ebdc-76bc-45c7-b797-4a4260654b1c,solving quadratic and other equations using complex numbers,"Finding solutions to polynomial equations that include complex roots, using complex number arithmetic.",complex equation solving,Complex Numbers,3_Curriculum csvs - Algebra.csv
79647352-b70a-4404-930e-ca261d781262,using De Moivre’s Theorem for powers of complex numbers,Applying De Moivre’s Theorem to raise complex numbers in polar form to integer powers.,complex number powers,Complex Numbers,3_Curriculum csvs - Algebra.csv
eb1f2e43-0bf1-4a4c-8a60-5a30ad12dca0,proving De Moivre’s Theorem by mathematical induction,Using induction to establish the validity of De Moivre’s Theorem for all natural numbers n.,proof techniques in complex numbers,Complex Numbers,3_Curriculum csvs - Algebra.csv
668ad3fc-c77d-4d07-87fb-3c07e978970c,applying nth roots of unity and trigonometric identities,Using complex number theory to find nth roots of unity and proving identities such as Cos 3θ = 4 Cos³ θ – 3 Cos θ.,complex number applications,Complex Numbers,3_Curriculum csvs - Algebra.csv
